Datetime,Close,High,Low,Open,Volume
,ETH-USD,ETH-USD,ETH-USD,ETH-USD,ETH-USD
2025-07-06 00:00:00+00:00,2520.045166015625,2520.045166015625,2513.791748046875,2517.55224609375,0
2025-07-06 01:00:00+00:00,2518.251953125,2520.834228515625,2515.93310546875,2520.834228515625,1165008384
2025-07-06 02:00:00+00:00,2515.590576171875,2520.2822265625,2515.173095703125,2518.02392578125,0
2025-07-06 03:00:00+00:00,2515.42578125,2515.56640625,2510.9287109375,2515.047119140625,0
2025-07-06 04:00:00+00:00,2513.239013671875,2517.936767578125,2512.045166015625,2515.57763671875,0
2025-07-06 05:00:00+00:00,2510.828125,2513.451904296875,2510.577880859375,2513.0166015625,41745408
2025-07-06 06:00:00+00:00,2522.560546875,2526.352783203125,2510.337890625,2511.182373046875,170662912
2025-07-06 07:00:00+00:00,2518.849365234375,2525.573974609375,2518.849365234375,2522.628173828125,0
2025-07-06 08:00:00+00:00,2513.571044921875,2518.91845703125,2510.1201171875,2518.427001953125,55378944
2025-07-06 09:00:00+00:00,2508.899169921875,2517.584716796875,2508.86474609375,2513.544189453125,0
2025-07-06 10:00:00+00:00,2509.603515625,2514.104248046875,2505.370849609375,2508.776123046875,959397376
2025-07-06 11:00:00+00:00,2516.699462890625,2516.699462890625,2509.0146484375,2509.0146484375,3006464
2025-07-06 12:00:00+00:00,2520.644287109375,2520.953857421875,2512.862548828125,2516.492919921875,42283008
2025-07-06 13:00:00+00:00,2561.2744140625,2568.38037109375,2518.4150390625,2520.530029296875,927226880
2025-07-06 14:00:00+00:00,2559.23046875,2565.410888671875,2552.6669921875,2558.44384765625,686356480
2025-07-06 15:00:00+00:00,2558.221923828125,2561.701904296875,2550.850341796875,2560.09814453125,0
2025-07-06 16:00:00+00:00,2552.23388671875,2559.875244140625,2544.517822265625,2558.348388671875,931959808
2025-07-06 17:00:00+00:00,2547.69140625,2552.33203125,2545.650634765625,2552.33203125,85613568
2025-07-06 18:00:00+00:00,2531.72021484375,2547.673828125,2526.371826171875,2547.673828125,149409792
2025-07-06 19:00:00+00:00,2540.63818359375,2540.63818359375,2532.146240234375,2532.146240234375,0
2025-07-06 20:00:00+00:00,2546.8701171875,2549.786376953125,2541.243408203125,2541.3349609375,0
2025-07-06 21:00:00+00:00,2587.9287109375,2599.41748046875,2545.9619140625,2546.635009765625,1336950784
2025-07-06 22:00:00+00:00,2582.210205078125,2603.064697265625,2582.210205078125,2589.2802734375,600912896
2025-07-06 23:00:00+00:00,2571.537353515625,2582.54296875,2564.68798828125,2582.54296875,1354301440
2025-07-07 00:00:00+00:00,2561.709716796875,2573.00048828125,2558.88330078125,2571.060302734375,176859136
2025-07-07 01:00:00+00:00,2563.705078125,2564.53857421875,2552.758544921875,2561.462646484375,0
2025-07-07 02:00:00+00:00,2576.759033203125,2583.188232421875,2563.532470703125,2563.532470703125,1295376384
2025-07-07 03:00:00+00:00,2577.243896484375,2588.1728515625,2575.666259765625,2576.7548828125,0
2025-07-07 04:00:00+00:00,2573.650146484375,2580.37744140625,2570.945556640625,2577.53369140625,1114883072
2025-07-07 05:00:00+00:00,2569.5703125,2577.296630859375,2567.8310546875,2573.728271484375,0
2025-07-07 06:00:00+00:00,2565.6708984375,2576.63232421875,2565.04931640625,2569.7060546875,1106936832
2025-07-07 07:00:00+00:00,2578.804443359375,2578.819580078125,2561.789794921875,2565.578369140625,0
2025-07-07 08:00:00+00:00,2585.182861328125,2586.7431640625,2572.2490234375,2578.8017578125,1093292032
2025-07-07 09:00:00+00:00,2571.369140625,2585.349609375,2569.774169921875,2585.349609375,410225664
2025-07-07 10:00:00+00:00,2559.860107421875,2572.555908203125,2559.860107421875,2572.555908203125,272934912
2025-07-07 11:00:00+00:00,2564.634521484375,2564.71630859375,2554.589599609375,2558.35107421875,409567232
2025-07-07 12:00:00+00:00,2548.55859375,2564.604736328125,2546.874755859375,2563.93798828125,0
2025-07-07 13:00:00+00:00,2566.8642578125,2566.8642578125,2540.7255859375,2549.88427734375,0
2025-07-07 14:00:00+00:00,2534.35205078125,2566.633056640625,2531.688720703125,2565.11474609375,323847168
2025-07-07 15:00:00+00:00,2534.3857421875,2543.123779296875,2531.118896484375,2533.69775390625,241751040
2025-07-07 16:00:00+00:00,2525.225830078125,2541.174072265625,2522.024658203125,2534.016845703125,1815612416
2025-07-07 17:00:00+00:00,2532.98046875,2544.77294921875,2517.903564453125,2524.06103515625,277278720
2025-07-07 18:00:00+00:00,2535.080322265625,2538.199951171875,2522.630859375,2533.15673828125,0
2025-07-07 19:00:00+00:00,2545.596435546875,2555.8798828125,2540.8994140625,2544.0283203125,77065216
2025-07-07 20:00:00+00:00,2532.715087890625,2544.164306640625,2531.42626953125,2544.164306640625,1881525248
2025-07-07 21:00:00+00:00,2539.474609375,2542.212890625,2525.315185546875,2533.83056640625,0
2025-07-07 22:00:00+00:00,2535.830810546875,2540.855712890625,2530.7568359375,2539.72802734375,555677696
2025-07-07 23:00:00+00:00,2542.967529296875,2545.1845703125,2536.224853515625,2536.224853515625,0
2025-07-08 00:00:00+00:00,2540.6396484375,2552.859619140625,2540.0146484375,2542.6005859375,109623296
2025-07-08 01:00:00+00:00,2527.369384765625,2539.25732421875,2527.369384765625,2539.25732421875,71366656
2025-07-08 02:00:00+00:00,2528.461181640625,2537.97998046875,2525.513916015625,2527.188232421875,0
2025-07-08 03:00:00+00:00,2538.2158203125,2539.087646484375,2528.705078125,2528.705078125,2004322304
2025-07-08 04:00:00+00:00,2543.2626953125,2544.089111328125,2534.073486328125,2538.306640625,0
2025-07-08 05:00:00+00:00,2551.950439453125,2551.950439453125,2543.316650390625,2543.406982421875,0
2025-07-08 06:00:00+00:00,2558.11669921875,2562.619140625,2551.170654296875,2551.91259765625,3424135168
2025-07-08 07:00:00+00:00,2552.054443359375,2559.119384765625,2548.552734375,2559.119384765625,13479936
2025-07-08 08:00:00+00:00,2547.52685546875,2560.375732421875,2547.273193359375,2552.99853515625,0
2025-07-08 09:00:00+00:00,2552.370849609375,2554.681640625,2544.32080078125,2546.991455078125,122730496
2025-07-08 10:00:00+00:00,2565.764404296875,2566.44873046875,2551.3076171875,2552.52978515625,0
2025-07-08 11:00:00+00:00,2575.25390625,2583.071533203125,2565.428466796875,2566.056640625,0
2025-07-08 12:00:00+00:00,2583.4716796875,2583.4716796875,2573.994384765625,2575.44091796875,811227136
2025-07-08 13:00:00+00:00,2590.822265625,2598.001220703125,2573.574951171875,2582.633056640625,0
2025-07-08 14:00:00+00:00,2561.8154296875,2590.08251953125,2561.674560546875,2590.08251953125,1424148480
2025-07-08 15:00:00+00:00,2565.079833984375,2568.901123046875,2560.073974609375,2564.552001953125,856050688
2025-07-08 16:00:00+00:00,2577.6142578125,2579.1083984375,2561.4052734375,2565.434326171875,0
2025-07-08 17:00:00+00:00,2621.023193359375,2626.04296875,2576.639892578125,2576.639892578125,0
2025-07-08 18:00:00+00:00,2625.608154296875,2625.608154296875,2613.89306640625,2616.79345703125,169277440
2025-07-08 19:00:00+00:00,2608.141845703125,2625.6669921875,2604.76953125,2625.6669921875,1548494848
2025-07-08 20:00:00+00:00,2603.759033203125,2613.557861328125,2603.759033203125,2610.902099609375,0
2025-07-08 21:00:00+00:00,2609.614501953125,2612.21435546875,2598.62451171875,2600.163330078125,947600384
2025-07-08 22:00:00+00:00,2611.552734375,2611.6630859375,2603.997314453125,2609.8583984375,0
2025-07-08 23:00:00+00:00,2616.21533203125,2617.942626953125,2609.2490234375,2611.431640625,0
2025-07-09 00:00:00+00:00,2612.378173828125,2615.5927734375,2605.09521484375,2615.5927734375,0
2025-07-09 01:00:00+00:00,2605.107666015625,2623.591552734375,2601.712646484375,2613.64501953125,0
2025-07-09 02:00:00+00:00,2603.39208984375,2610.025390625,2603.23095703125,2605.57861328125,303027200
2025-07-09 03:00:00+00:00,2592.48486328125,2606.528076171875,2592.48486328125,2603.537841796875,135141376
2025-07-09 04:00:00+00:00,2602.531005859375,2602.773193359375,2592.135009765625,2592.135009765625,58124288
2025-07-09 05:00:00+00:00,2629.56103515625,2638.64306640625,2602.587890625,2602.587890625,0
2025-07-09 06:00:00+00:00,2631.42626953125,2632.400146484375,2619.802978515625,2628.9873046875,1170167808
2025-07-09 07:00:00+00:00,2625.227783203125,2631.85986328125,2623.081787109375,2631.85986328125,321517568
2025-07-09 08:00:00+00:00,2613.072998046875,2626.3359375,2613.072998046875,2625.168701171875,0
2025-07-09 09:00:00+00:00,2612.543701171875,2613.489990234375,2606.589111328125,2613.1435546875,212189184
2025-07-09 10:00:00+00:00,2617.95556640625,2620.76220703125,2607.697509765625,2612.49072265625,599042048
2025-07-09 11:00:00+00:00,2627.79443359375,2629.630126953125,2618.129150390625,2618.129150390625,0
2025-07-09 12:00:00+00:00,2660.979248046875,2665.99365234375,2625.125244140625,2626.282470703125,2314104832
2025-07-09 13:00:00+00:00,2655.427978515625,2672.84228515625,2655.427978515625,2660.722900390625,0
2025-07-09 14:00:00+00:00,2645.885009765625,2669.4873046875,2633.009765625,2655.253662109375,810369024
2025-07-09 15:00:00+00:00,2656.969970703125,2656.969970703125,2642.320068359375,2642.320068359375,1456758784
2025-07-09 16:00:00+00:00,2669.02978515625,2669.02978515625,2654.7548828125,2656.912109375,0
2025-07-09 17:00:00+00:00,2662.54833984375,2668.50244140625,2655.99560546875,2668.114990234375,0
2025-07-09 18:00:00+00:00,2718.89306640625,2721.7744140625,2662.45703125,2662.84619140625,1178570752
2025-07-09 19:00:00+00:00,2765.4658203125,2794.48974609375,2718.810302734375,2719.12451171875,2224498688
2025-07-09 20:00:00+00:00,2741.043701171875,2764.619384765625,2733.3740234375,2762.781005859375,2176929792
2025-07-09 21:00:00+00:00,2754.931884765625,2758.402587890625,2737.52685546875,2740.6728515625,1533319168
2025-07-09 22:00:00+00:00,2780.460205078125,2781.692138671875,2754.70361328125,2754.70361328125,0
2025-07-09 23:00:00+00:00,2770.86767578125,2784.552001953125,2769.408447265625,2781.297607421875,216537088
2025-07-10 00:00:00+00:00,2759.165283203125,2773.90625,2759.165283203125,2770.3779296875,768968704
2025-07-10 01:00:00+00:00,2777.7197265625,2778.254638671875,2757.674560546875,2758.637939453125,0
2025-07-10 02:00:00+00:00,2783.968017578125,2796.72119140625,2775.47509765625,2775.47509765625,0
2025-07-10 03:00:00+00:00,2776.94482421875,2789.31396484375,2773.34912109375,2784.69775390625,348504064
2025-07-10 04:00:00+00:00,2779.258056640625,2780.675048828125,2767.6103515625,2777.47998046875,1295187968
2025-07-10 05:00:00+00:00,2783.449951171875,2785.346435546875,2775.51953125,2780.0380859375,0
2025-07-10 06:00:00+00:00,2796.440673828125,2797.67431640625,2782.290283203125,2783.7236328125,744695808
2025-07-10 07:00:00+00:00,2793.015625,2820.447265625,2790.8681640625,2797.003662109375,922308608
2025-07-10 08:00:00+00:00,2789.351318359375,2796.826171875,2785.91943359375,2792.8330078125,2275115008
2025-07-10 09:00:00+00:00,2778.647705078125,2790.834228515625,2777.270263671875,2789.60595703125,7051264
2025-07-10 10:00:00+00:00,2786.252197265625,2786.56787109375,2774.9931640625,2778.646484375,14528512
2025-07-10 11:00:00+00:00,2779.122314453125,2786.068359375,2776.746337890625,2786.068359375,0
2025-07-10 12:00:00+00:00,2780.35791015625,2780.35791015625,2770.635986328125,2779.8564453125,0
2025-07-10 13:00:00+00:00,2783.08447265625,2789.891357421875,2775.73828125,2779.864013671875,0
2025-07-10 14:00:00+00:00,2777.657470703125,2792.80810546875,2764.008544921875,2784.101806640625,0
2025-07-10 15:00:00+00:00,2770.363037109375,2777.801025390625,2764.46240234375,2777.801025390625,416956416
2025-07-10 16:00:00+00:00,2808.46875,2813.13818359375,2770.66845703125,2770.66845703125,1093560320
2025-07-10 17:00:00+00:00,2834.15478515625,2834.15478515625,2804.634033203125,2808.598876953125,535128064
2025-07-10 18:00:00+00:00,2813.07177734375,2840.60595703125,2799.50439453125,2833.18212890625,0
2025-07-10 19:00:00+00:00,2821.40478515625,2822.803955078125,2809.100341796875,2812.746337890625,0
2025-07-10 20:00:00+00:00,2820.38525390625,2826.7919921875,2817.414794921875,2819.439208984375,0
2025-07-10 21:00:00+00:00,2978.955810546875,2995.152099609375,2819.67919921875,2821.089111328125,1740232704
2025-07-10 22:00:00+00:00,2974.3525390625,2976.45361328125,2953.921630859375,2972.851318359375,3572252672
2025-07-10 23:00:00+00:00,2955.033935546875,2973.25,2936.5732421875,2973.25,912078848
2025-07-11 00:00:00+00:00,2939.3759765625,2955.365234375,2917.935791015625,2950.669189453125,0
2025-07-11 01:00:00+00:00,2953.76513671875,2953.76513671875,2936.642333984375,2937.785400390625,2938306560
2025-07-11 02:00:00+00:00,2965.82080078125,2967.923583984375,2953.01123046875,2955.7333984375,223219712
2025-07-11 03:00:00+00:00,2969.146484375,2974.464111328125,2959.268798828125,2965.434326171875,0
2025-07-11 04:00:00+00:00,2969.90380859375,2971.285400390625,2954.606689453125,2970.525390625,211664896
2025-07-11 05:00:00+00:00,3004.297607421875,3028.17919921875,2969.002197265625,2970.3994140625,3106762752
2025-07-11 06:00:00+00:00,2992.81103515625,3022.31640625,2992.53564453125,3006.0478515625,0
2025-07-11 07:00:00+00:00,2977.00732421875,3002.072509765625,2977.00732421875,2989.58984375,0
2025-07-11 08:00:00+00:00,3003.859375,3006.90966796875,2971.300048828125,2971.300048828125,919900160
2025-07-11 09:00:00+00:00,3015.0341796875,3038.072265625,2999.263671875,3004.03369140625,2134495232
2025-07-11 10:00:00+00:00,3001.84423828125,3015.089111328125,2997.570068359375,3015.089111328125,0
2025-07-11 11:00:00+00:00,2985.51416015625,3005.228271484375,2971.633544921875,3003.212646484375,2157146112
2025-07-11 12:00:00+00:00,2987.6513671875,2993.0673828125,2973.29052734375,2985.54833984375,0
2025-07-11 13:00:00+00:00,3007.683349609375,3007.683349609375,2976.65087890625,2987.056396484375,65789952
2025-07-11 14:00:00+00:00,2984.6181640625,3004.860107421875,2983.677001953125,3004.49609375,262914048
2025-07-11 15:00:00+00:00,2948.187744140625,2993.932373046875,2945.164306640625,2987.43017578125,209891328
2025-07-11 16:00:00+00:00,2970.906494140625,2970.906494140625,2943.592529296875,2948.86279296875,1632186368
2025-07-11 17:00:00+00:00,2992.943115234375,2995.009765625,2967.48193359375,2969.59619140625,0
2025-07-11 18:00:00+00:00,2995.54736328125,2997.48779296875,2985.758056640625,2993.43798828125,0
2025-07-11 19:00:00+00:00,3003.6005859375,3010.25537109375,2980.09423828125,2995.668701171875,1119973376
2025-07-11 20:00:00+00:00,2977.485595703125,3009.662353515625,2977.485595703125,3005.651611328125,0
2025-07-11 21:00:00+00:00,2965.630615234375,2996.892333984375,2960.368408203125,2977.91015625,0
2025-07-11 22:00:00+00:00,2950.23486328125,2970.219970703125,2926.278564453125,2967.119384765625,0
2025-07-11 23:00:00+00:00,2958.1787109375,2960.638427734375,2951.195556640625,2951.892333984375,139321344
2025-07-12 00:00:00+00:00,2949.4765625,2962.641357421875,2938.09130859375,2958.041748046875,0
2025-07-12 01:00:00+00:00,2960.923583984375,2966.0908203125,2951.83154296875,2951.83154296875,0
2025-07-12 02:00:00+00:00,2958.374267578125,2970.25341796875,2956.845458984375,2959.947998046875,0
2025-07-12 03:00:00+00:00,2963.01904296875,2969.0283203125,2956.985595703125,2958.724609375,0
2025-07-12 04:00:00+00:00,2950.3408203125,2968.3017578125,2946.738037109375,2965.182861328125,0
2025-07-12 05:00:00+00:00,2954.37353515625,2957.096923828125,2945.506591796875,2951.70263671875,0
2025-07-12 06:00:00+00:00,2962.02880859375,2963.556396484375,2948.017333984375,2954.15380859375,0
2025-07-12 07:00:00+00:00,2964.349853515625,2973.884521484375,2961.103759765625,2961.455810546875,0
2025-07-12 08:00:00+00:00,2967.563232421875,2970.2578125,2960.26416015625,2964.32080078125,0
2025-07-12 09:00:00+00:00,2974.186767578125,2976.814697265625,2964.66064453125,2967.44140625,0
2025-07-12 10:00:00+00:00,2976.849853515625,2979.697265625,2969.755126953125,2973.99951171875,0
2025-07-12 11:00:00+00:00,2963.54345703125,2979.09228515625,2963.54345703125,2976.89306640625,0
2025-07-12 12:00:00+00:00,2941.462646484375,2966.20556640625,2922.035888671875,2964.0556640625,430856192
2025-07-12 13:00:00+00:00,2938.037841796875,2943.082275390625,2925.5751953125,2943.082275390625,0
2025-07-12 14:00:00+00:00,2928.65380859375,2948.82275390625,2926.984619140625,2939.0205078125,0
2025-07-12 15:00:00+00:00,2915.560791015625,2931.3134765625,2908.10498046875,2928.595703125,0
2025-07-12 16:00:00+00:00,2925.714599609375,2934.793701171875,2913.663818359375,2915.49609375,0
2025-07-12 17:00:00+00:00,2943.110595703125,2943.110595703125,2923.447998046875,2925.12744140625,225853440
2025-07-12 18:00:00+00:00,2942.328857421875,2944.1982421875,2937.101806640625,2942.49169921875,0
2025-07-12 19:00:00+00:00,2939.91064453125,2945.561767578125,2937.261962890625,2942.287109375,0
2025-07-12 20:00:00+00:00,2919.732421875,2941.19091796875,2919.732421875,2940.5654296875,0
2025-07-12 21:00:00+00:00,2939.02685546875,2939.70166015625,2916.8798828125,2919.13330078125,291483648
2025-07-12 22:00:00+00:00,2937.429443359375,2941.02685546875,2928.267822265625,2939.43017578125,0
2025-07-12 23:00:00+00:00,2942.184814453125,2945.784912109375,2932.77099609375,2938.293212890625,0
2025-07-13 00:00:00+00:00,2945.7431640625,2949.14990234375,2938.843505859375,2943.69775390625,655674368
2025-07-13 01:00:00+00:00,2950.948974609375,2952.504638671875,2941.72509765625,2945.906005859375,289856512
2025-07-13 02:00:00+00:00,2955.831298828125,2956.544677734375,2941.303955078125,2950.88916015625,0
2025-07-13 03:00:00+00:00,2956.475830078125,2958.61572265625,2949.90185546875,2955.424072265625,943154176
2025-07-13 04:00:00+00:00,2959.706298828125,2959.706298828125,2952.989013671875,2955.97216796875,0
2025-07-13 05:00:00+00:00,2951.364990234375,2962.046875,2951.364990234375,2959.632568359375,0
2025-07-13 06:00:00+00:00,2960.8369140625,2966.48095703125,2951.268798828125,2951.642333984375,973913088
2025-07-13 07:00:00+00:00,2963.58837890625,2964.745361328125,2958.411865234375,2960.517822265625,0
2025-07-13 08:00:00+00:00,2954.146728515625,2964.280517578125,2953.359619140625,2963.6728515625,0
2025-07-13 09:00:00+00:00,2948.093994140625,2957.418701171875,2945.949951171875,2956.687744140625,0
2025-07-13 10:00:00+00:00,2948.30712890625,2957.760009765625,2947.57080078125,2949.0712890625,0
2025-07-13 11:00:00+00:00,2963.575439453125,2964.999755859375,2948.901123046875,2948.901123046875,0
2025-07-13 12:00:00+00:00,2986.698974609375,2993.00341796875,2961.452392578125,2964.80029296875,0
2025-07-13 13:00:00+00:00,2990.824951171875,2993.604248046875,2976.4658203125,2986.046875,975729664
2025-07-13 14:00:00+00:00,2988.33447265625,3016.186279296875,2982.84423828125,2991.130126953125,172070912
2025-07-13 15:00:00+00:00,2995.251708984375,3005.538330078125,2987.596923828125,2989.079345703125,745510912
2025-07-13 16:00:00+00:00,2979.571044921875,2998.619140625,2977.865478515625,2994.769287109375,0
2025-07-13 17:00:00+00:00,2993.010498046875,2995.53759765625,2968.887939453125,2977.068603515625,1330670592
2025-07-13 18:00:00+00:00,2996.599609375,3000.17236328125,2991.798828125,2993.2021484375,155953152
2025-07-13 19:00:00+00:00,2994.256103515625,3007.776611328125,2994.10546875,2995.345947265625,365090816
2025-07-13 20:00:00+00:00,2994.59033203125,2998.5498046875,2982.77392578125,2991.268310546875,0
2025-07-13 21:00:00+00:00,2967.216552734375,2993.206298828125,2951.533447265625,2993.206298828125,0
2025-07-13 22:00:00+00:00,2963.023193359375,2970.052734375,2950.12255859375,2965.66552734375,493222912
2025-07-13 23:00:00+00:00,2974.05517578125,2977.953857421875,2956.380615234375,2962.067138671875,380239872
2025-07-14 00:00:00+00:00,2976.818359375,2987.0927734375,2970.095458984375,2973.09765625,195682304
2025-07-14 01:00:00+00:00,2975.5576171875,2977.9814453125,2965.534423828125,2976.780517578125,1187297280
2025-07-14 02:00:00+00:00,3001.590087890625,3009.012451171875,2974.171142578125,2975.510498046875,0
2025-07-14 03:00:00+00:00,3037.727783203125,3046.65625,2999.5419921875,3001.0908203125,1979373568
2025-07-14 04:00:00+00:00,3052.875244140625,3055.084716796875,3033.58203125,3037.75830078125,2445920256
2025-07-14 05:00:00+00:00,3039.51025390625,3062.09326171875,3023.13818359375,3053.672119140625,564453376
2025-07-14 06:00:00+00:00,3023.769287109375,3039.65283203125,3023.0888671875,3039.53564453125,2124414976
2025-07-14 07:00:00+00:00,3045.801025390625,3050.04345703125,3023.769775390625,3023.769775390625,1573230592
2025-07-14 08:00:00+00:00,3040.060546875,3044.7470703125,3025.437744140625,3044.7470703125,721147904
2025-07-14 09:00:00+00:00,3046.48291015625,3066.537353515625,3038.46826171875,3040.006103515625,1336096768
2025-07-14 10:00:00+00:00,3066.3720703125,3075.046630859375,3032.51025390625,3045.93798828125,84586496
2025-07-14 11:00:00+00:00,3056.941162109375,3079.44091796875,3056.7158203125,3066.602783203125,1942243328
2025-07-14 12:00:00+00:00,3046.608642578125,3054.512451171875,3038.0615234375,3052.87890625,0
2025-07-14 13:00:00+00:00,3053.291259765625,3063.816650390625,3035.09912109375,3050.357666015625,1930539008
2025-07-14 14:00:00+00:00,3029.7900390625,3065.478759765625,3022.281005859375,3056.626220703125,0
2025-07-14 15:00:00+00:00,3011.376708984375,3031.3740234375,2996.401123046875,3028.45361328125,386668544
2025-07-14 16:00:00+00:00,3027.099609375,3028.61376953125,3002.47900390625,3010.55810546875,1547694080
2025-07-14 17:00:00+00:00,3008.148681640625,3024.3935546875,3005.76171875,3024.3935546875,703449088
2025-07-14 18:00:00+00:00,2988.74169921875,3011.834228515625,2985.66943359375,3007.383056640625,0
2025-07-14 19:00:00+00:00,2997.699462890625,3002.321533203125,2989.173583984375,2989.173583984375,1699180544
2025-07-14 20:00:00+00:00,3008.108642578125,3011.142333984375,2984.056884765625,2998.66455078125,590209024
2025-07-14 21:00:00+00:00,3014.212646484375,3014.72705078125,3003.877197265625,3006.2353515625,0
2025-07-14 22:00:00+00:00,3014.611083984375,3018.202880859375,3004.780029296875,3008.5009765625,1763000320
2025-07-14 23:00:00+00:00,3013.182373046875,3014.72607421875,3006.40673828125,3014.72607421875,0
2025-07-15 00:00:00+00:00,2992.406982421875,3020.878662109375,2990.674560546875,3014.075927734375,0
2025-07-15 01:00:00+00:00,2981.359619140625,2999.0048828125,2965.379150390625,2992.68603515625,0
2025-07-15 02:00:00+00:00,2974.12255859375,2985.6298828125,2957.806884765625,2976.29296875,3011762176
2025-07-15 03:00:00+00:00,2951.526611328125,2974.63720703125,2936.135009765625,2974.63720703125,0
2025-07-15 04:00:00+00:00,2968.9951171875,2971.11083984375,2936.466552734375,2951.55908203125,0
2025-07-15 05:00:00+00:00,2973.220703125,2973.220703125,2964.7431640625,2968.94482421875,0
2025-07-15 06:00:00+00:00,2986.04052734375,2987.69091796875,2972.93798828125,2973.003173828125,0
2025-07-15 07:00:00+00:00,2981.892822265625,2992.344970703125,2974.13720703125,2985.09814453125,0
2025-07-15 08:00:00+00:00,2972.822265625,2982.162841796875,2963.814453125,2978.57177734375,0
2025-07-15 09:00:00+00:00,2971.18359375,2987.302490234375,2971.099365234375,2972.802978515625,0
2025-07-15 10:00:00+00:00,2974.25341796875,2977.7431640625,2968.54345703125,2971.396240234375,444821504
2025-07-15 11:00:00+00:00,2980.548583984375,2980.548583984375,2962.970703125,2974.5205078125,0
2025-07-15 12:00:00+00:00,3001.75927734375,3008.40380859375,2974.998046875,2980.539794921875,863107072
2025-07-15 13:00:00+00:00,3053.58935546875,3065.412353515625,3001.144287109375,3001.144287109375,1446170624
2025-07-15 14:00:00+00:00,2975.3173828125,3062.6865234375,2970.835693359375,3051.93310546875,263034880
2025-07-15 15:00:00+00:00,3038.62646484375,3044.25537109375,2971.09130859375,2971.520751953125,1558564864
2025-07-15 16:00:00+00:00,3048.28955078125,3061.73828125,3036.266845703125,3038.00439453125,0
2025-07-15 17:00:00+00:00,3095.159912109375,3095.2568359375,3040.92333984375,3047.4169921875,2026364928
2025-07-15 18:00:00+00:00,3070.6650390625,3094.9267578125,3047.407958984375,3094.9267578125,0
2025-07-15 19:00:00+00:00,3047.935791015625,3083.056396484375,3038.108642578125,3067.8662109375,2448769024
2025-07-15 20:00:00+00:00,3043.8291015625,3050.28955078125,3034.31298828125,3043.361328125,0
2025-07-15 21:00:00+00:00,3081.1240234375,3082.879150390625,3042.98291015625,3044.013916015625,0
2025-07-15 22:00:00+00:00,3093.554931640625,3093.554931640625,3071.305419921875,3081.005859375,0
2025-07-15 23:00:00+00:00,3142.42724609375,3142.42724609375,3093.92626953125,3093.92626953125,2686177280
2025-07-16 00:00:00+00:00,3142.9345703125,3147.877197265625,3119.632080078125,3139.986083984375,0
2025-07-16 01:00:00+00:00,3140.71923828125,3147.318603515625,3134.239501953125,3143.4521484375,2494324736
2025-07-16 02:00:00+00:00,3113.112060546875,3140.247314453125,3109.355224609375,3140.247314453125,0
2025-07-16 03:00:00+00:00,3116.801025390625,3120.2451171875,3105.478271484375,3116.044189453125,0
2025-07-16 04:00:00+00:00,3129.722412109375,3129.722412109375,3102.477783203125,3116.286376953125,0
2025-07-16 05:00:00+00:00,3143.55517578125,3149.7880859375,3130.1416015625,3130.1416015625,1194201088
2025-07-16 06:00:00+00:00,3162.09228515625,3162.09228515625,3134.287353515625,3142.900390625,0
2025-07-16 07:00:00+00:00,3163.21533203125,3173.989013671875,3157.33984375,3164.4248046875,65323008
2025-07-16 08:00:00+00:00,3164.4267578125,3171.6005859375,3160.380126953125,3163.829345703125,1314902016
2025-07-16 09:00:00+00:00,3159.20458984375,3172.146728515625,3149.982177734375,3164.4384765625,0
2025-07-16 10:00:00+00:00,3148.41552734375,3163.00927734375,3148.41552734375,3160.896484375,0
2025-07-16 11:00:00+00:00,3150.658447265625,3158.57763671875,3146.2802734375,3147.5615234375,1879937024
2025-07-16 12:00:00+00:00,3167.021484375,3177.853759765625,3150.84033203125,3150.924072265625,0
2025-07-16 13:00:00+00:00,3197.422119140625,3197.422119140625,3162.5595703125,3167.049072265625,73875456
2025-07-16 14:00:00+00:00,3254.1162109375,3263.99267578125,3181.04736328125,3197.685791015625,1010184192
2025-07-16 15:00:00+00:00,3243.957275390625,3260.625244140625,3214.22900390625,3251.794677734375,2148159488
2025-07-16 16:00:00+00:00,3287.25048828125,3291.06298828125,3238.359130859375,3246.1474609375,559763456
2025-07-16 17:00:00+00:00,3313.23681640625,3317.28369140625,3277.043701171875,3287.77734375,0
2025-07-16 18:00:00+00:00,3334.479248046875,3366.061279296875,3318.5107421875,3319.084228515625,3042422784
2025-07-16 19:00:00+00:00,3377.6494140625,3377.6494140625,3335.36865234375,3335.36865234375,0
2025-07-16 20:00:00+00:00,3384.42626953125,3422.31103515625,3374.59033203125,3383.965576171875,3021692928
2025-07-16 21:00:00+00:00,3373.959228515625,3396.651611328125,3362.628173828125,3382.349365234375,521846784
2025-07-16 22:00:00+00:00,3359.0908203125,3389.451904296875,3353.157958984375,3373.820556640625,181047296
2025-07-16 23:00:00+00:00,3370.161865234375,3372.533203125,3348.847900390625,3363.041015625,726835200
2025-07-17 00:00:00+00:00,3384.825927734375,3397.318603515625,3370.006103515625,3372.792724609375,842145792
2025-07-17 01:00:00+00:00,3338.160400390625,3395.412841796875,3320.136962890625,3381.627685546875,0
2025-07-17 02:00:00+00:00,3348.7978515625,3360.605224609375,3336.24755859375,3340.3798828125,815992832
2025-07-17 03:00:00+00:00,3330.656982421875,3348.798095703125,3316.927734375,3348.798095703125,0
2025-07-17 04:00:00+00:00,3350.344482421875,3351.427978515625,3323.59033203125,3332.390869140625,663576576
2025-07-17 05:00:00+00:00,3373.537841796875,3376.409912109375,3341.210205078125,3350.896728515625,0
2025-07-17 06:00:00+00:00,3430.74462890625,3441.932861328125,3367.600830078125,3375.067626953125,3014373376
2025-07-17 07:00:00+00:00,3450.480712890625,3462.38232421875,3415.2548828125,3442.1943359375,22863872
2025-07-17 08:00:00+00:00,3442.455078125,3450.91064453125,3428.881103515625,3449.12255859375,1032888320
2025-07-17 09:00:00+00:00,3468.28955078125,3478.119873046875,3443.017822265625,3444.453369140625,0
2025-07-17 10:00:00+00:00,3463.937744140625,3474.326171875,3452.892822265625,3467.7919921875,2081193984
2025-07-17 11:00:00+00:00,3434.18310546875,3460.377685546875,3432.321044921875,3460.377685546875,554975232
2025-07-17 12:00:00+00:00,3428.862548828125,3438.185302734375,3415.73291015625,3434.43212890625,896286720
2025-07-17 13:00:00+00:00,3404.148193359375,3430.43603515625,3373.07080078125,3428.198486328125,0
2025-07-17 14:00:00+00:00,3427.734375,3433.343505859375,3402.907958984375,3402.907958984375,0
2025-07-17 15:00:00+00:00,3424.676513671875,3431.49560546875,3395.4716796875,3426.426513671875,0
2025-07-17 16:00:00+00:00,3388.65771484375,3426.90673828125,3372.886474609375,3422.95068359375,0
2025-07-17 17:00:00+00:00,3418.520263671875,3421.60791015625,3391.679443359375,3395.30810546875,0
2025-07-17 18:00:00+00:00,3431.006591796875,3443.388916015625,3423.311767578125,3425.866455078125,0
2025-07-17 19:00:00+00:00,3412.427978515625,3454.903076171875,3408.5390625,3429.50634765625,0
2025-07-17 20:00:00+00:00,3408.900634765625,3414.99072265625,3379.08984375,3414.076904296875,0
2025-07-17 21:00:00+00:00,3471.40185546875,3500.18896484375,3417.873779296875,3417.873779296875,57798656
2025-07-17 22:00:00+00:00,3467.498291015625,3492.466552734375,3456.670166015625,3470.30029296875,590839808
2025-07-17 23:00:00+00:00,3478.099365234375,3520.1533203125,3466.16259765625,3467.735595703125,1517498368
2025-07-18 00:00:00+00:00,3541.61328125,3541.61328125,3463.46435546875,3477.2607421875,2375843840
2025-07-18 01:00:00+00:00,3622.486572265625,3622.486572265625,3532.22705078125,3541.177490234375,1354543104
2025-07-18 02:00:00+00:00,3604.757080078125,3624.737060546875,3593.576904296875,3622.399169921875,1794891776
2025-07-18 03:00:00+00:00,3596.925048828125,3608.81298828125,3589.747802734375,3605.05322265625,790147072
2025-07-18 04:00:00+00:00,3621.835693359375,3621.835693359375,3582.822509765625,3598.0029296875,0
2025-07-18 05:00:00+00:00,3674.60595703125,3674.60595703125,3620.8505859375,3621.86181640625,4018511872
2025-07-18 06:00:00+00:00,3657.427734375,3671.42431640625,3644.039306640625,3671.42431640625,599678976
2025-07-18 07:00:00+00:00,3616.50244140625,3668.4873046875,3616.36572265625,3654.65966796875,0
2025-07-18 08:00:00+00:00,3609.311767578125,3628.70556640625,3588.8857421875,3616.85400390625,921088000
2025-07-18 09:00:00+00:00,3621.432861328125,3623.026611328125,3596.124755859375,3606.23486328125,3261435904
2025-07-18 10:00:00+00:00,3620.961181640625,3623.318115234375,3605.13720703125,3622.581787109375,0
2025-07-18 11:00:00+00:00,3613.68603515625,3623.7685546875,3593.376708984375,3620.23388671875,0
2025-07-18 12:00:00+00:00,3625.994384765625,3625.994384765625,3595.65478515625,3612.23583984375,636796928
2025-07-18 13:00:00+00:00,3645.385986328125,3657.135498046875,3616.9814453125,3636.856689453125,0
2025-07-18 14:00:00+00:00,3601.838623046875,3671.6328125,3561.06787109375,3642.78662109375,0
2025-07-18 15:00:00+00:00,3564.251953125,3590.81884765625,3535.34814453125,3590.81884765625,4244721664
2025-07-18 16:00:00+00:00,3571.876220703125,3587.163818359375,3559.08935546875,3565.13916015625,0
2025-07-18 17:00:00+00:00,3599.71142578125,3622.319580078125,3570.88330078125,3570.88330078125,770461696
2025-07-18 18:00:00+00:00,3578.033203125,3607.257568359375,3577.061279296875,3601.658447265625,393793536
2025-07-18 19:00:00+00:00,3556.115234375,3583.033203125,3543.007568359375,3571.854736328125,715759616
2025-07-18 20:00:00+00:00,3526.38818359375,3556.28857421875,3485.048583984375,3552.43408203125,0
2025-07-18 21:00:00+00:00,3554.706298828125,3570.859375,3523.296875,3525.240234375,0
2025-07-18 22:00:00+00:00,3542.1494140625,3574.657958984375,3536.507080078125,3556.697021484375,0
2025-07-18 23:00:00+00:00,3549.318359375,3550.997314453125,3518.178466796875,3540.84716796875,0
2025-07-19 00:00:00+00:00,3530.1884765625,3565.724365234375,3528.91064453125,3547.94873046875,0
2025-07-19 01:00:00+00:00,3550.240478515625,3553.8232421875,3513.75390625,3527.123779296875,0
2025-07-19 02:00:00+00:00,3571.0712890625,3577.236083984375,3540.099853515625,3548.635498046875,0
2025-07-19 03:00:00+00:00,3594.779052734375,3599.505615234375,3571.310302734375,3571.61572265625,791871488
2025-07-19 04:00:00+00:00,3591.271728515625,3608.275634765625,3584.317626953125,3594.993896484375,0
2025-07-19 05:00:00+00:00,3589.014404296875,3595.274169921875,3580.922607421875,3591.9091796875,0
2025-07-19 06:00:00+00:00,3574.796630859375,3588.914794921875,3570.942626953125,3588.7451171875,0
2025-07-19 07:00:00+00:00,3574.619140625,3584.51025390625,3571.54638671875,3573.15869140625,0
2025-07-19 08:00:00+00:00,3556.626220703125,3579.119140625,3551.010986328125,3573.97705078125,0
2025-07-19 09:00:00+00:00,3559.710205078125,3569.662353515625,3553.889892578125,3555.96533203125,0
2025-07-19 10:00:00+00:00,3557.580810546875,3568.568115234375,3553.75341796875,3560.2724609375,0
2025-07-19 11:00:00+00:00,3553.438232421875,3576.621337890625,3543.888427734375,3559.2607421875,0
2025-07-19 12:00:00+00:00,3562.281982421875,3565.2939453125,3542.406494140625,3554.47705078125,608800768
2025-07-19 13:00:00+00:00,3555.291259765625,3571.11328125,3552.607666015625,3562.908203125,0
2025-07-19 14:00:00+00:00,3536.322509765625,3559.956298828125,3536.322509765625,3558.018798828125,0
2025-07-19 15:00:00+00:00,3555.537353515625,3563.45654296875,3532.554443359375,3532.554443359375,0
2025-07-19 16:00:00+00:00,3561.156494140625,3568.619873046875,3539.663330078125,3554.813720703125,0
2025-07-19 17:00:00+00:00,3543.22412109375,3560.763916015625,3538.4736328125,3560.308837890625,38805504
2025-07-19 18:00:00+00:00,3553.300537109375,3561.947509765625,3542.48095703125,3544.65673828125,0
2025-07-19 19:00:00+00:00,3577.531494140625,3579.681884765625,3546.339111328125,3553.884765625,0
2025-07-19 20:00:00+00:00,3567.1708984375,3592.339599609375,3567.1708984375,3578.78759765625,0
2025-07-19 21:00:00+00:00,3572.987548828125,3572.987548828125,3542.782470703125,3566.887939453125,0
2025-07-19 22:00:00+00:00,3580.244384765625,3590.703369140625,3565.087646484375,3573.363525390625,639352832
2025-07-19 23:00:00+00:00,3594.6875,3598.700927734375,3577.73828125,3579.4716796875,0
2025-07-20 00:00:00+00:00,3593.3037109375,3596.19091796875,3582.65869140625,3594.185302734375,8775680
2025-07-20 01:00:00+00:00,3607.40185546875,3624.559326171875,3591.852294921875,3592.61865234375,472580096
2025-07-20 02:00:00+00:00,3617.3388671875,3624.07275390625,3601.36669921875,3607.22265625,0
2025-07-20 03:00:00+00:00,3663.795654296875,3687.71484375,3611.610107421875,3617.521728515625,2579056640
2025-07-20 04:00:00+00:00,3656.19384765625,3664.316650390625,3641.2568359375,3661.885009765625,177084416
2025-07-20 05:00:00+00:00,3648.8876953125,3658.26318359375,3639.595703125,3656.058837890625,602443776
2025-07-20 06:00:00+00:00,3653.992919921875,3661.080322265625,3642.16943359375,3648.26220703125,144797696
2025-07-20 07:00:00+00:00,3671.825439453125,3689.840087890625,3654.115478515625,3654.115478515625,0
2025-07-20 08:00:00+00:00,3706.073486328125,3714.718505859375,3671.341796875,3671.341796875,3554310144
2025-07-20 09:00:00+00:00,3714.051025390625,3724.1806640625,3699.435302734375,3712.97509765625,1298262016
2025-07-20 10:00:00+00:00,3699.791259765625,3713.772705078125,3699.42431640625,3711.875732421875,0
2025-07-20 11:00:00+00:00,3755.42333984375,3761.376220703125,3698.68359375,3701.359619140625,2554707968
2025-07-20 12:00:00+00:00,3741.006591796875,3756.99267578125,3728.27490234375,3756.99267578125,1366607872
2025-07-20 13:00:00+00:00,3749.803466796875,3754.334228515625,3738.641845703125,3748.014404296875,0
2025-07-20 14:00:00+00:00,3754.174560546875,3754.174560546875,3734.040283203125,3749.56005859375,1693165568
2025-07-20 15:00:00+00:00,3787.1337890625,3789.07080078125,3751.533447265625,3761.011962890625,1107390464
2025-07-20 16:00:00+00:00,3809.028076171875,3819.297119140625,3768.70556640625,3787.002685546875,978616320
2025-07-20 17:00:00+00:00,3742.36572265625,3808.111328125,3737.802001953125,3808.111328125,1815920640
2025-07-20 18:00:00+00:00,3753.75732421875,3756.33984375,3736.862548828125,3739.359130859375,1249488896
2025-07-20 19:00:00+00:00,3759.190673828125,3773.224365234375,3748.01806640625,3752.2841796875,425730048
2025-07-20 20:00:00+00:00,3744.845458984375,3754.093505859375,3724.097412109375,3752.161865234375,1853382656
2025-07-20 21:00:00+00:00,3768.41796875,3772.8369140625,3730.23193359375,3741.8984375,507027456
2025-07-20 22:00:00+00:00,3751.901123046875,3771.03759765625,3700.517822265625,3771.03759765625,0
2025-07-20 23:00:00+00:00,3760.7431640625,3766.15576171875,3738.378662109375,3752.80908203125,1909760000
2025-07-21 00:00:00+00:00,3746.3310546875,3759.528564453125,3712.86767578125,3759.528564453125,922738688
2025-07-21 01:00:00+00:00,3727.33447265625,3753.025146484375,3705.39111328125,3746.24853515625,152797184
2025-07-21 02:00:00+00:00,3740.957763671875,3749.8857421875,3725.33349609375,3726.45947265625,1543086080
2025-07-21 03:00:00+00:00,3756.756103515625,3766.2890625,3743.34033203125,3743.34033203125,0
2025-07-21 04:00:00+00:00,3763.111572265625,3777.7109375,3757.560546875,3758.37890625,0
2025-07-21 05:00:00+00:00,3781.482666015625,3784.0166015625,3750.6787109375,3763.4697265625,58101760
2025-07-21 06:00:00+00:00,3787.8134765625,3811.03173828125,3780.021728515625,3782.373291015625,1883922432
2025-07-21 07:00:00+00:00,3789.04052734375,3802.878662109375,3784.003173828125,3787.643310546875,134184960
2025-07-21 08:00:00+00:00,3777.19970703125,3810.463623046875,3771.722412109375,3788.72265625,0
2025-07-21 09:00:00+00:00,3773.3359375,3785.4375,3759.416015625,3778.255126953125,0
2025-07-21 10:00:00+00:00,3812.564453125,3818.365234375,3771.60888671875,3773.2314453125,0
2025-07-21 11:00:00+00:00,3812.777099609375,3834.390380859375,3794.33349609375,3813.503173828125,1182425088
2025-07-21 12:00:00+00:00,3811.693359375,3823.204345703125,3798.79833984375,3812.104248046875,0
2025-07-21 13:00:00+00:00,3817.8525390625,3822.5224609375,3778.52392578125,3811.524658203125,416661504
2025-07-21 14:00:00+00:00,3843.85205078125,3856.7509765625,3803.038330078125,3819.715576171875,1165049856
2025-07-21 15:00:00+00:00,3811.710205078125,3851.712890625,3811.710205078125,3841.98486328125,71147520
2025-07-21 16:00:00+00:00,3776.88330078125,3818.093017578125,3757.506103515625,3812.254150390625,0
2025-07-21 17:00:00+00:00,3771.75927734375,3789.878662109375,3743.573974609375,3773.846923828125,781529088
2025-07-21 18:00:00+00:00,3741.406982421875,3798.888671875,3741.406982421875,3771.1357421875,0
2025-07-21 19:00:00+00:00,3736.87255859375,3768.281982421875,3723.9111328125,3737.590576171875,1682620416
2025-07-21 20:00:00+00:00,3760.01025390625,3763.29150390625,3724.189697265625,3734.385986328125,0
2025-07-21 21:00:00+00:00,3752.910400390625,3763.41259765625,3747.55322265625,3758.26416015625,239734784
2025-07-21 22:00:00+00:00,3765.453857421875,3780.29345703125,3750.6767578125,3752.4013671875,0
2025-07-21 23:00:00+00:00,3764.408203125,3775.999755859375,3753.179931640625,3765.485595703125,210817024
2025-07-22 00:00:00+00:00,3747.213623046875,3776.084716796875,3746.95703125,3763.3642578125,0
2025-07-22 01:00:00+00:00,3791.671630859375,3797.3642578125,3701.824951171875,3746.321044921875,2044747776
2025-07-22 02:00:00+00:00,3737.1689453125,3794.83203125,3737.1689453125,3794.83203125,0
2025-07-22 03:00:00+00:00,3729.689453125,3744.376708984375,3712.472900390625,3739.6181640625,1800728576
2025-07-22 04:00:00+00:00,3670.875244140625,3732.88330078125,3670.875244140625,3730.063232421875,137412608
2025-07-22 05:00:00+00:00,3685.337890625,3696.1083984375,3657.799072265625,3657.799072265625,3159285760
2025-07-22 06:00:00+00:00,3688.640625,3715.017333984375,3681.2236328125,3685.841064453125,0
2025-07-22 07:00:00+00:00,3672.172119140625,3714.32080078125,3672.172119140625,3689.397705078125,0
2025-07-22 08:00:00+00:00,3650.190185546875,3676.0615234375,3627.715576171875,3676.0615234375,2183639040
2025-07-22 09:00:00+00:00,3660.633544921875,3666.720947265625,3625.25634765625,3650.50732421875,1458688000
2025-07-22 10:00:00+00:00,3696.564453125,3696.564453125,3662.48095703125,3662.48095703125,0
2025-07-22 11:00:00+00:00,3709.649169921875,3719.2646484375,3687.19482421875,3699.399169921875,0
2025-07-22 12:00:00+00:00,3703.997314453125,3710.1943359375,3695.76513671875,3708.063232421875,0
2025-07-22 13:00:00+00:00,3650.554443359375,3706.91748046875,3641.0009765625,3704.590576171875,0
2025-07-22 14:00:00+00:00,3698.2216796875,3698.2216796875,3634.027099609375,3647.27099609375,762261504
2025-07-22 15:00:00+00:00,3717.0302734375,3727.644287109375,3698.177978515625,3704.263671875,2254286848
2025-07-22 16:00:00+00:00,3720.80078125,3749.1015625,3714.44970703125,3719.80419921875,0
2025-07-22 17:00:00+00:00,3706.177001953125,3719.630126953125,3681.78564453125,3719.024658203125,0
2025-07-22 18:00:00+00:00,3714.038818359375,3722.580810546875,3686.484619140625,3702.183349609375,0
2025-07-22 19:00:00+00:00,3664.915283203125,3720.1044921875,3662.234130859375,3713.158447265625,188776448
2025-07-22 20:00:00+00:00,3706.06298828125,3709.165771484375,3666.00048828125,3669.560791015625,0
2025-07-22 21:00:00+00:00,3708.66748046875,3711.403076171875,3699.033447265625,3707.514404296875,1342226432
2025-07-22 22:00:00+00:00,3720.468994140625,3730.144775390625,3706.9814453125,3706.9814453125,0
2025-07-22 23:00:00+00:00,3747.469970703125,3750.2041015625,3720.934814453125,3721.441162109375,1717702656
2025-07-23 00:00:00+00:00,3729.708740234375,3758.107177734375,3729.708740234375,3748.70849609375,0
2025-07-23 01:00:00+00:00,3737.9345703125,3740.8310546875,3718.480224609375,3728.265625,0
2025-07-23 02:00:00+00:00,3745.676513671875,3763.520751953125,3730.648193359375,3739.1337890625,0
2025-07-23 03:00:00+00:00,3729.449951171875,3757.54150390625,3729.449951171875,3746.335693359375,0
2025-07-23 04:00:00+00:00,3735.338623046875,3736.19482421875,3723.453125,3729.445556640625,1401659392
2025-07-23 05:00:00+00:00,3714.950927734375,3737.334228515625,3706.896240234375,3735.927001953125,0
2025-07-23 06:00:00+00:00,3696.169189453125,3715.824951171875,3691.306640625,3715.72705078125,0
2025-07-23 07:00:00+00:00,3675.72119140625,3700.017333984375,3667.577392578125,3696.85400390625,0
2025-07-23 08:00:00+00:00,3691.43017578125,3691.43017578125,3670.54443359375,3675.3115234375,0
2025-07-23 09:00:00+00:00,3664.051513671875,3697.438720703125,3653.341552734375,3692.849365234375,0
2025-07-23 10:00:00+00:00,3668.177734375,3670.900390625,3643.914794921875,3661.01708984375,0
2025-07-23 11:00:00+00:00,3675.21484375,3677.29443359375,3651.684326171875,3667.666259765625,373534720
2025-07-23 12:00:00+00:00,3642.471435546875,3681.21630859375,3639.425537109375,3674.336181640625,0
2025-07-23 13:00:00+00:00,3595.644775390625,3663.111328125,3587.35302734375,3643.136962890625,1165080576
2025-07-23 14:00:00+00:00,3612.9130859375,3625.89990234375,3590.25,3592.620361328125,3657281536
2025-07-23 15:00:00+00:00,3643.77880859375,3647.048095703125,3602.93017578125,3617.442626953125,0
2025-07-23 16:00:00+00:00,3577.80224609375,3645.892822265625,3577.80224609375,3645.892822265625,2071961600
2025-07-23 17:00:00+00:00,3588.837646484375,3593.260498046875,3559.048828125,3575.4443359375,854847488
2025-07-23 18:00:00+00:00,3604.627197265625,3606.008544921875,3589.820068359375,3590.57763671875,0
2025-07-23 19:00:00+00:00,3595.2236328125,3613.452880859375,3591.673095703125,3605.630859375,0
2025-07-23 20:00:00+00:00,3573.663330078125,3603.678955078125,3547.964111328125,3588.690185546875,0
2025-07-23 21:00:00+00:00,3586.9423828125,3593.2451171875,3533.421630859375,3572.16162109375,4572413952
2025-07-23 22:00:00+00:00,3609.313232421875,3619.674072265625,3582.97998046875,3588.978759765625,0
2025-07-23 23:00:00+00:00,3629.907470703125,3633.645751953125,3611.8154296875,3611.8154296875,0
2025-07-24 00:00:00+00:00,3647.095703125,3647.3095703125,3616.885009765625,3629.32958984375,0
2025-07-24 01:00:00+00:00,3648.9306640625,3648.9306640625,3632.681640625,3647.31103515625,0
2025-07-24 02:00:00+00:00,3651.38232421875,3653.0927734375,3640.16845703125,3649.57568359375,695136256
2025-07-24 03:00:00+00:00,3646.113525390625,3665.71044921875,3643.27197265625,3650.680908203125,0
2025-07-24 04:00:00+00:00,3613.367431640625,3656.689453125,3608.457275390625,3642.9658203125,1823539200
2025-07-24 05:00:00+00:00,3563.343017578125,3612.757080078125,3563.343017578125,3612.757080078125,23760896
2025-07-24 06:00:00+00:00,3550.820556640625,3579.4150390625,3533.4140625,3562.56640625,0
2025-07-24 07:00:00+00:00,3594.344970703125,3594.344970703125,3523.214111328125,3548.984130859375,2552737792
2025-07-24 08:00:00+00:00,3634.684814453125,3643.269775390625,3584.709716796875,3594.0400390625,2050863104
2025-07-24 09:00:00+00:00,3636.419921875,3642.475830078125,3622.814453125,3635.199462890625,0
2025-07-24 10:00:00+00:00,3622.94580078125,3654.25830078125,3595.140380859375,3637.783203125,0
2025-07-24 11:00:00+00:00,3660.79833984375,3661.4296875,3622.299560546875,3623.565185546875,1299218432
2025-07-24 12:00:00+00:00,3644.555908203125,3660.5908203125,3626.58251953125,3657.75244140625,0
2025-07-24 13:00:00+00:00,3632.295654296875,3654.63525390625,3632.295654296875,3644.64013671875,0
2025-07-24 14:00:00+00:00,3734.18115234375,3734.18115234375,3620.497314453125,3631.422119140625,81575936
2025-07-24 15:00:00+00:00,3730.80810546875,3771.141357421875,3717.3388671875,3737.07275390625,1203785728
2025-07-24 16:00:00+00:00,3684.619140625,3732.867431640625,3673.689453125,3732.867431640625,1075150848
2025-07-24 17:00:00+00:00,3726.00390625,3734.6953125,3685.802490234375,3685.802490234375,0
2025-07-24 18:00:00+00:00,3742.81982421875,3751.17236328125,3716.052978515625,3726.2705078125,0
2025-07-24 19:00:00+00:00,3737.6796875,3754.950927734375,3725.344970703125,3743.587158203125,869187584
2025-07-24 20:00:00+00:00,3739.49072265625,3743.036376953125,3727.2392578125,3736.62255859375,0
2025-07-24 21:00:00+00:00,3726.8505859375,3743.437255859375,3715.212158203125,3738.935546875,1682378752
2025-07-24 22:00:00+00:00,3731.83349609375,3733.9287109375,3706.278076171875,3728.6787109375,76005376
2025-07-24 23:00:00+00:00,3705.650634765625,3727.740966796875,3702.233642578125,3727.740966796875,0
2025-07-25 00:00:00+00:00,3663.16748046875,3707.583251953125,3651.44970703125,3707.583251953125,2328588288
2025-07-25 01:00:00+00:00,3691.9169921875,3691.9169921875,3647.145263671875,3659.860595703125,0
2025-07-25 02:00:00+00:00,3625.487060546875,3690.66796875,3621.92041015625,3687.438232421875,1599582208
2025-07-25 03:00:00+00:00,3596.48779296875,3631.060791015625,3579.962890625,3618.98828125,1209622528
2025-07-25 04:00:00+00:00,3650.2099609375,3650.2099609375,3585.406982421875,3597.083984375,2369273856
2025-07-25 05:00:00+00:00,3636.856689453125,3649.8955078125,3614.720703125,3649.54931640625,0
2025-07-25 06:00:00+00:00,3633.922119140625,3642.55810546875,3614.481201171875,3632.9619140625,0
2025-07-25 07:00:00+00:00,3626.865478515625,3665.22705078125,3601.9228515625,3632.856689453125,0
2025-07-25 08:00:00+00:00,3666.889892578125,3673.50439453125,3632.168701171875,3632.168701171875,0
2025-07-25 09:00:00+00:00,3722.524658203125,3728.42822265625,3651.588623046875,3665.22265625,427982848
2025-07-25 10:00:00+00:00,3719.046630859375,3744.820068359375,3708.453369140625,3731.28173828125,769687552
2025-07-25 11:00:00+00:00,3723.98291015625,3742.594482421875,3718.5869140625,3720.18994140625,0
2025-07-25 12:00:00+00:00,3703.68896484375,3732.96240234375,3703.68896484375,3722.57568359375,0
2025-07-25 13:00:00+00:00,3702.75439453125,3718.372802734375,3683.551513671875,3703.76953125,2779172864
2025-07-25 14:00:00+00:00,3626.95849609375,3707.055908203125,3626.95849609375,3704.0205078125,112484352
2025-07-25 15:00:00+00:00,3636.645751953125,3646.191650390625,3604.8955078125,3629.913818359375,0
2025-07-25 16:00:00+00:00,3641.83642578125,3645.052001953125,3620.544921875,3635.31396484375,0
2025-07-25 17:00:00+00:00,3639.372802734375,3650.640869140625,3627.681396484375,3642.7490234375,185774080
2025-07-25 18:00:00+00:00,3652.855224609375,3654.998779296875,3638.379150390625,3639.135498046875,0
2025-07-25 19:00:00+00:00,3646.383056640625,3659.7421875,3644.27001953125,3652.322998046875,0
2025-07-25 20:00:00+00:00,3686.648681640625,3696.7841796875,3643.40234375,3644.427978515625,85651456
2025-07-25 21:00:00+00:00,3717.123291015625,3726.714111328125,3686.535888671875,3686.535888671875,0
2025-07-25 22:00:00+00:00,3722.67041015625,3727.87060546875,3716.81884765625,3719.497314453125,661905408
2025-07-25 23:00:00+00:00,3726.693115234375,3729.179931640625,3711.046875,3721.111572265625,0
2025-07-26 00:00:00+00:00,3725.38818359375,3728.37939453125,3714.2060546875,3726.0087890625,0
2025-07-26 01:00:00+00:00,3704.169677734375,3726.14697265625,3703.259033203125,3726.14697265625,0
2025-07-26 02:00:00+00:00,3743.904296875,3765.500244140625,3703.29296875,3703.29296875,1036668928
2025-07-26 03:00:00+00:00,3742.486328125,3745.159423828125,3731.4599609375,3744.43115234375,0
2025-07-26 04:00:00+00:00,3749.147705078125,3753.732177734375,3739.511474609375,3742.379150390625,0
2025-07-26 05:00:00+00:00,3749.915771484375,3756.407958984375,3737.686279296875,3749.375732421875,0
2025-07-26 06:00:00+00:00,3739.287841796875,3750.561767578125,3735.393310546875,3749.91552734375,0
2025-07-26 07:00:00+00:00,3742.878173828125,3748.744873046875,3739.895751953125,3740.889892578125,0
2025-07-26 08:00:00+00:00,3762.67333984375,3777.21630859375,3743.625732421875,3743.625732421875,0
2025-07-26 09:00:00+00:00,3760.173583984375,3765.994384765625,3752.671875,3763.5263671875,0
2025-07-26 10:00:00+00:00,3763.433349609375,3780.4326171875,3757.01318359375,3760.15576171875,0
2025-07-26 11:00:00+00:00,3740.917724609375,3769.915771484375,3737.23974609375,3762.6796875,0
2025-07-26 12:00:00+00:00,3744.141357421875,3751.056396484375,3733.38671875,3740.71240234375,372000768
2025-07-26 13:00:00+00:00,3743.575927734375,3753.8291015625,3740.73974609375,3743.797119140625,0
2025-07-26 14:00:00+00:00,3731.49755859375,3749.096923828125,3729.936279296875,3744.599365234375,0
2025-07-26 15:00:00+00:00,3736.479248046875,3738.268798828125,3721.523193359375,3729.837158203125,0
2025-07-26 16:00:00+00:00,3726.9267578125,3738.9013671875,3723.392822265625,3736.818359375,0
2025-07-26 17:00:00+00:00,3727.076416015625,3734.681884765625,3724.602783203125,3728.411865234375,0
2025-07-26 18:00:00+00:00,3742.981689453125,3749.640380859375,3715.028564453125,3726.33642578125,0
2025-07-26 19:00:00+00:00,3754.485595703125,3754.485595703125,3742.1748046875,3742.2626953125,0
2025-07-26 20:00:00+00:00,3748.12060546875,3754.036865234375,3739.047119140625,3754.036865234375,542896128
2025-07-26 21:00:00+00:00,3756.375,3756.375,3739.8896484375,3747.17724609375,0
2025-07-26 22:00:00+00:00,3751.69775390625,3789.789794921875,3745.850341796875,3759.34228515625,2172213248
2025-07-26 23:00:00+00:00,3741.500732421875,3755.677734375,3740.303466796875,3752.7626953125,0
2025-07-27 00:00:00+00:00,3755.25244140625,3755.25244140625,3734.451171875,3742.16455078125,0
2025-07-27 01:00:00+00:00,3759.458251953125,3772.879638671875,3753.319580078125,3756.02099609375,0
2025-07-27 02:00:00+00:00,3785.345947265625,3787.72705078125,3755.56591796875,3758.70751953125,0
2025-07-27 03:00:00+00:00,3774.850341796875,3786.44384765625,3773.772705078125,3785.155029296875,0
2025-07-27 04:00:00+00:00,3790.83349609375,3791.490478515625,3771.62158203125,3775.1982421875,173387776
2025-07-27 05:00:00+00:00,3793.480712890625,3805.157470703125,3786.5283203125,3792.12109375,719480832
2025-07-27 06:00:00+00:00,3773.628662109375,3793.2158203125,3769.73291015625,3793.2158203125,162965504
2025-07-27 07:00:00+00:00,3769.02001953125,3784.288330078125,3768.356689453125,3773.77685546875,0
2025-07-27 08:00:00+00:00,3772.126953125,3777.018310546875,3767.377197265625,3769.877685546875,654196736
2025-07-27 09:00:00+00:00,3763.226318359375,3774.025390625,3756.95654296875,3772.325927734375,0
2025-07-27 10:00:00+00:00,3820.364990234375,3833.721435546875,3764.817626953125,3764.817626953125,0
2025-07-27 11:00:00+00:00,3812.148193359375,3836.48193359375,3809.149658203125,3818.67041015625,1107492864
2025-07-27 12:00:00+00:00,3828.7685546875,3834.479248046875,3808.631591796875,3815.33349609375,0
2025-07-27 13:00:00+00:00,3810.650634765625,3830.19873046875,3809.170654296875,3828.722412109375,1062860800
2025-07-27 14:00:00+00:00,3809.86181640625,3822.59423828125,3798.342529296875,3811.991943359375,400914432
2025-07-27 15:00:00+00:00,3820.85107421875,3821.772705078125,3799.836669921875,3810.728271484375,0
2025-07-27 16:00:00+00:00,3814.48583984375,3850.451171875,3814.48583984375,3819.990478515625,1134942208
2025-07-27 17:00:00+00:00,3841.001220703125,3841.001220703125,3811.826416015625,3816.303466796875,787675136
2025-07-27 18:00:00+00:00,3851.517578125,3866.048828125,3837.34130859375,3839.324951171875,1359704064
2025-07-27 19:00:00+00:00,3830.5068359375,3851.53662109375,3830.5068359375,3849.63671875,0
2025-07-27 20:00:00+00:00,3823.2197265625,3843.470947265625,3823.2197265625,3830.244140625,2182348800
2025-07-27 21:00:00+00:00,3840.325927734375,3840.325927734375,3820.64404296875,3824.130859375,191555584
2025-07-27 22:00:00+00:00,3864.50634765625,3875.601318359375,3838.88720703125,3838.88720703125,936689664
2025-07-27 23:00:00+00:00,3875.88916015625,3875.88916015625,3841.95751953125,3866.138671875,518873088
2025-07-28 00:00:00+00:00,3870.09423828125,3886.781982421875,3859.354736328125,3874.69775390625,749445120
2025-07-28 01:00:00+00:00,3847.94873046875,3867.693359375,3846.891845703125,3867.693359375,204011520
2025-07-28 02:00:00+00:00,3883.986083984375,3902.528076171875,3846.13720703125,3850.765869140625,1689952256
2025-07-28 03:00:00+00:00,3879.671142578125,3891.930419921875,3871.53564453125,3884.958740234375,138496000
2025-07-28 04:00:00+00:00,3901.557373046875,3902.18017578125,3870.15234375,3880.13232421875,411322368
2025-07-28 05:00:00+00:00,3936.38525390625,3940.652099609375,3902.008056640625,3902.33544921875,0
2025-07-28 06:00:00+00:00,3915.66943359375,3934.2158203125,3910.92919921875,3931.273681640625,1719035904
2025-07-28 07:00:00+00:00,3891.509765625,3915.374267578125,3878.91455078125,3915.374267578125,960628736
2025-07-28 08:00:00+00:00,3893.248291015625,3900.019287109375,3886.5869140625,3893.1982421875,357601280
2025-07-28 09:00:00+00:00,3892.416015625,3895.806396484375,3876.26416015625,3892.677001953125,0
2025-07-28 10:00:00+00:00,3886.820068359375,3895.695068359375,3879.625,3893.135498046875,0
2025-07-28 11:00:00+00:00,3878.458251953125,3890.52294921875,3862.882080078125,3887.78173828125,654159872
2025-07-28 12:00:00+00:00,3872.297607421875,3889.388427734375,3872.297607421875,3879.04931640625,0
2025-07-28 13:00:00+00:00,3842.115966796875,3872.929443359375,3829.639892578125,3871.415771484375,0
2025-07-28 14:00:00+00:00,3783.0234375,3851.536376953125,3782.97900390625,3841.83544921875,3122104320
2025-07-28 15:00:00+00:00,3808.627685546875,3819.328369140625,3783.480224609375,3784.48095703125,2610974720
2025-07-28 16:00:00+00:00,3808.52001953125,3821.6611328125,3796.99853515625,3808.91259765625,0
2025-07-28 17:00:00+00:00,3787.026611328125,3809.69677734375,3784.72119140625,3808.09912109375,30896128
2025-07-28 18:00:00+00:00,3781.988037109375,3787.296630859375,3757.04052734375,3784.30126953125,0
2025-07-28 19:00:00+00:00,3797.1396484375,3805.715576171875,3767.275390625,3781.966552734375,3555346432
2025-07-28 20:00:00+00:00,3789.866943359375,3798.359130859375,3767.58447265625,3796.618408203125,203894784
2025-07-28 21:00:00+00:00,3787.469482421875,3802.843505859375,3777.949462890625,3789.03662109375,108220416
2025-07-28 22:00:00+00:00,3786.559814453125,3801.140869140625,3768.06591796875,3788.93408203125,0
2025-07-28 23:00:00+00:00,3782.999267578125,3800.957763671875,3777.831298828125,3786.814697265625,414355456
2025-07-29 00:00:00+00:00,3779.767333984375,3820.267578125,3754.4072265625,3795.90185546875,0
2025-07-29 01:00:00+00:00,3763.365966796875,3797.4296875,3763.365966796875,3780.327392578125,2308057088
2025-07-29 02:00:00+00:00,3756.93994140625,3771.103271484375,3736.5380859375,3760.375732421875,0
2025-07-29 03:00:00+00:00,3795.654052734375,3795.654052734375,3759.976806640625,3759.976806640625,374145024
2025-07-29 04:00:00+00:00,3780.143798828125,3800.61865234375,3777.30810546875,3792.929931640625,817950720
2025-07-29 05:00:00+00:00,3806.228515625,3806.772216796875,3779.265869140625,3779.265869140625,0
2025-07-29 06:00:00+00:00,3830.82763671875,3833.010009765625,3804.322509765625,3806.090087890625,0
2025-07-29 07:00:00+00:00,3873.9189453125,3877.22607421875,3829.39990234375,3829.39990234375,88748032
2025-07-29 08:00:00+00:00,3871.000732421875,3883.997802734375,3866.406494140625,3877.082763671875,0
2025-07-29 09:00:00+00:00,3873.48095703125,3878.422119140625,3865.005615234375,3875.7158203125,905437184
2025-07-29 10:00:00+00:00,3828.263671875,3872.184814453125,3826.510986328125,3872.184814453125,119603200
2025-07-29 11:00:00+00:00,3824.3203125,3837.653564453125,3813.5478515625,3829.19287109375,0
2025-07-29 12:00:00+00:00,3853.870849609375,3859.690673828125,3824.8662109375,3826.236083984375,3171217408
2025-07-29 13:00:00+00:00,3834.15625,3870.841552734375,3831.68212890625,3852.726806640625,0
2025-07-29 14:00:00+00:00,3780.56103515625,3837.764404296875,3775.84716796875,3837.764404296875,0
2025-07-29 15:00:00+00:00,3763.872314453125,3781.544189453125,3752.098388671875,3778.552978515625,1046482944
2025-07-29 16:00:00+00:00,3749.99365234375,3767.735107421875,3719.00927734375,3762.654052734375,314400768
2025-07-29 17:00:00+00:00,3769.214599609375,3789.53857421875,3746.6142578125,3750.366455078125,1542520832
2025-07-29 18:00:00+00:00,3766.73193359375,3775.23388671875,3754.3408203125,3769.1103515625,0
2025-07-29 19:00:00+00:00,3770.2255859375,3791.32373046875,3761.31494140625,3769.765380859375,81772544
2025-07-29 20:00:00+00:00,3758.242431640625,3778.505615234375,3745.085205078125,3764.752197265625,0
2025-07-29 21:00:00+00:00,3782.657470703125,3782.76171875,3757.216552734375,3763.1279296875,1138462720
2025-07-29 22:00:00+00:00,3791.422607421875,3792.318603515625,3760.970458984375,3780.64111328125,519188480
2025-07-29 23:00:00+00:00,3792.609619140625,3796.794677734375,3785.156005859375,3791.341796875,0
2025-07-30 00:00:00+00:00,3773.887939453125,3793.10205078125,3757.022216796875,3793.10205078125,0
2025-07-30 01:00:00+00:00,3789.92724609375,3808.6015625,3763.700439453125,3774.4482421875,1598402560
2025-07-30 02:00:00+00:00,3812.724853515625,3818.847900390625,3785.568115234375,3790.77392578125,0
2025-07-30 03:00:00+00:00,3816.716796875,3826.05908203125,3806.78466796875,3812.675048828125,1486528512
2025-07-30 04:00:00+00:00,3806.530517578125,3823.670166015625,3801.875732421875,3816.91162109375,0
2025-07-30 05:00:00+00:00,3809.444580078125,3812.718017578125,3789.911865234375,3807.781494140625,727072768
2025-07-30 06:00:00+00:00,3825.5390625,3828.877685546875,3809.5576171875,3809.5576171875,0
2025-07-30 07:00:00+00:00,3811.166259765625,3832.077392578125,3805.75537109375,3824.683349609375,0
2025-07-30 08:00:00+00:00,3819.15380859375,3824.544677734375,3801.7314453125,3810.84521484375,0
2025-07-30 09:00:00+00:00,3787.597412109375,3819.13671875,3779.72998046875,3817.392333984375,0
2025-07-30 10:00:00+00:00,3778.71240234375,3805.680419921875,3778.71240234375,3786.5771484375,0
2025-07-30 11:00:00+00:00,3757.034423828125,3784.512451171875,3746.224365234375,3773.52294921875,1410709504
2025-07-30 12:00:00+00:00,3777.15478515625,3780.99267578125,3750.472412109375,3756.755859375,0
2025-07-30 13:00:00+00:00,3770.057373046875,3782.829345703125,3754.530029296875,3776.424560546875,341420032
2025-07-30 14:00:00+00:00,3819.3583984375,3828.74169921875,3766.373046875,3766.990966796875,0
2025-07-30 15:00:00+00:00,3797.367431640625,3818.7255859375,3780.956298828125,3818.7255859375,547489792
2025-07-30 16:00:00+00:00,3792.017333984375,3813.881103515625,3783.24609375,3797.041748046875,0
2025-07-30 17:00:00+00:00,3809.20751953125,3814.34814453125,3794.419189453125,3795.2353515625,0
2025-07-30 18:00:00+00:00,3743.92041015625,3813.517333984375,3743.92041015625,3808.719970703125,761688064
2025-07-30 19:00:00+00:00,3763.36669921875,3769.663330078125,3686.23779296875,3738.24462890625,873457664
2025-07-30 20:00:00+00:00,3769.752685546875,3783.054443359375,3760.00244140625,3760.00244140625,2981222400
2025-07-30 21:00:00+00:00,3764.8779296875,3773.056640625,3743.438232421875,3769.660400390625,0
2025-07-30 22:00:00+00:00,3764.713623046875,3769.515869140625,3757.7392578125,3763.234619140625,746399744
2025-07-30 23:00:00+00:00,3807.448974609375,3809.63427734375,3764.3662109375,3764.3662109375,128354304
2025-07-31 00:00:00+00:00,3846.0302734375,3848.78759765625,3802.679443359375,3808.887451171875,0
2025-07-31 01:00:00+00:00,3834.427734375,3848.6640625,3830.3076171875,3844.1953125,1411592192
2025-07-31 02:00:00+00:00,3862.282470703125,3862.906982421875,3833.937255859375,3836.074462890625,148447232
2025-07-31 03:00:00+00:00,3861.456787109375,3866.201904296875,3856.798828125,3861.75341796875,1138503680
2025-07-31 04:00:00+00:00,3869.275390625,3869.275390625,3856.085205078125,3862.219970703125,0
2025-07-31 05:00:00+00:00,3858.114501953125,3870.232421875,3856.671875,3870.232421875,0
2025-07-31 06:00:00+00:00,3875.21484375,3877.044921875,3856.210693359375,3858.357421875,0
2025-07-31 07:00:00+00:00,3863.5400390625,3874.871826171875,3861.48193359375,3874.294189453125,2232018944
2025-07-31 08:00:00+00:00,3863.611328125,3872.1552734375,3859.2333984375,3863.46630859375,0
2025-07-31 09:00:00+00:00,3864.20068359375,3864.818603515625,3856.459228515625,3863.629150390625,396435456
2025-07-31 10:00:00+00:00,3855.2138671875,3865.05810546875,3854.90869140625,3862.802978515625,0
2025-07-31 11:00:00+00:00,3836.515625,3856.548828125,3829.39013671875,3854.821044921875,0
2025-07-31 12:00:00+00:00,3836.52197265625,3842.695068359375,3824.592041015625,3837.182861328125,0
2025-07-31 13:00:00+00:00,3807.99365234375,3835.171142578125,3788.5322265625,3835.171142578125,199446528
2025-07-31 14:00:00+00:00,3773.1142578125,3813.09716796875,3769.0009765625,3808.6171875,536190976
2025-07-31 15:00:00+00:00,3786.9150390625,3795.82080078125,3766.5498046875,3769.67529296875,0
2025-07-31 16:00:00+00:00,3803.53076171875,3816.51953125,3783.71875,3787.62939453125,0
2025-07-31 17:00:00+00:00,3771.51220703125,3803.741455078125,3771.16552734375,3803.741455078125,22806528
2025-07-31 18:00:00+00:00,3773.97705078125,3785.61279296875,3750.602783203125,3774.656005859375,0
2025-07-31 19:00:00+00:00,3736.77685546875,3779.00146484375,3735.992919921875,3774.306640625,0
2025-07-31 20:00:00+00:00,3736.04052734375,3742.98681640625,3718.498046875,3738.23779296875,1542393856
2025-07-31 21:00:00+00:00,3729.20556640625,3755.000244140625,3718.220703125,3735.436767578125,0
2025-07-31 22:00:00+00:00,3714.4765625,3730.24658203125,3702.64208984375,3730.24658203125,728504320
2025-07-31 23:00:00+00:00,3699.433349609375,3727.5419921875,3686.290283203125,3710.28369140625,371701760
2025-08-01 00:00:00+00:00,3684.9970703125,3697.74072265625,3625.1826171875,3697.74072265625,1275992064
2025-08-01 01:00:00+00:00,3686.050048828125,3694.40185546875,3659.12255859375,3681.905517578125,1474385920
2025-08-01 02:00:00+00:00,3715.6826171875,3721.911865234375,3683.001953125,3689.65478515625,1032048640
2025-08-01 03:00:00+00:00,3704.96826171875,3722.113037109375,3702.46337890625,3716.18798828125,0
2025-08-01 04:00:00+00:00,3682.857421875,3704.927490234375,3680.6611328125,3704.927490234375,1659867136
2025-08-01 05:00:00+00:00,3674.068603515625,3692.52685546875,3665.89404296875,3682.18603515625,0
2025-08-01 06:00:00+00:00,3661.244140625,3679.229736328125,3647.121337890625,3674.938232421875,503209984
2025-08-01 07:00:00+00:00,3647.50244140625,3666.74365234375,3628.6298828125,3661.663330078125,710565888
2025-08-01 08:00:00+00:00,3614.435302734375,3649.548095703125,3590.018310546875,3649.548095703125,2113527808
2025-08-01 09:00:00+00:00,3619.7119140625,3637.8779296875,3609.1474609375,3611.59326171875,1428803584
2025-08-01 10:00:00+00:00,3615.3232421875,3632.0869140625,3610.23291015625,3618.91455078125,661135360
2025-08-01 11:00:00+00:00,3640.846435546875,3641.360107421875,3606.0,3614.544189453125,0
2025-08-01 12:00:00+00:00,3665.9130859375,3670.756591796875,3635.748779296875,3641.544921875,1275957248
2025-08-01 13:00:00+00:00,3593.5419921875,3672.614013671875,3579.506591796875,3662.64697265625,0
2025-08-01 14:00:00+00:00,3631.84033203125,3651.86376953125,3577.266845703125,3598.642578125,1854844928
2025-08-01 15:00:00+00:00,3616.58984375,3631.76025390625,3584.493408203125,3631.76025390625,0
2025-08-01 16:00:00+00:00,3580.326171875,3630.705322265625,3578.989013671875,3613.03515625,0
2025-08-01 17:00:00+00:00,3566.223876953125,3590.57177734375,3565.7861328125,3586.447265625,526983168
2025-08-01 18:00:00+00:00,3549.5458984375,3578.81103515625,3542.19921875,3569.7451171875,1429327872
2025-08-01 19:00:00+00:00,3513.691162109375,3558.760009765625,3513.691162109375,3551.673583984375,1524277248
2025-08-01 20:00:00+00:00,3539.376708984375,3539.376708984375,3495.44091796875,3517.130126953125,0
2025-08-01 21:00:00+00:00,3539.78515625,3549.626708984375,3535.366455078125,3539.984130859375,1466302464
2025-08-01 22:00:00+00:00,3473.471923828125,3540.85595703125,3444.528076171875,3534.496826171875,0
2025-08-01 23:00:00+00:00,3488.932373046875,3490.868896484375,3451.248046875,3465.768798828125,1017327616
2025-08-02 00:00:00+00:00,3511.1865234375,3511.1865234375,3479.1240234375,3486.9697265625,0
2025-08-02 01:00:00+00:00,3517.313720703125,3519.69140625,3497.900146484375,3513.19970703125,0
2025-08-02 02:00:00+00:00,3519.314697265625,3524.291748046875,3514.033203125,3515.6015625,319385600
2025-08-02 03:00:00+00:00,3524.52978515625,3529.91357421875,3519.552490234375,3521.877197265625,0
2025-08-02 04:00:00+00:00,3531.88525390625,3531.88525390625,3515.74365234375,3526.738037109375,147832832
2025-08-02 05:00:00+00:00,3518.541748046875,3535.455810546875,3516.352294921875,3532.22607421875,0
2025-08-02 06:00:00+00:00,3479.6240234375,3518.4765625,3459.7255859375,3518.4765625,257179648
2025-08-02 07:00:00+00:00,3518.96435546875,3519.590576171875,3471.125244140625,3479.299560546875,0
2025-08-02 08:00:00+00:00,3489.194580078125,3520.97705078125,3489.194580078125,3518.4013671875,0
2025-08-02 09:00:00+00:00,3492.7470703125,3501.021728515625,3482.313720703125,3490.531005859375,0
2025-08-02 10:00:00+00:00,3490.86181640625,3492.6953125,3475.75390625,3491.098388671875,0
2025-08-02 11:00:00+00:00,3508.832763671875,3515.828125,3482.665771484375,3490.290771484375,0
2025-08-02 12:00:00+00:00,3509.330810546875,3511.871337890625,3497.9990234375,3507.67529296875,0
2025-08-02 13:00:00+00:00,3509.15087890625,3514.219970703125,3498.341064453125,3508.481689453125,0
2025-08-02 14:00:00+00:00,3478.649169921875,3515.089599609375,3467.77294921875,3508.634033203125,0
2025-08-02 15:00:00+00:00,3458.96875,3490.166259765625,3454.053955078125,3478.70751953125,0
2025-08-02 16:00:00+00:00,3469.129638671875,3472.7587890625,3437.2333984375,3457.962158203125,0
2025-08-02 17:00:00+00:00,3420.02197265625,3478.071533203125,3417.554443359375,3469.02294921875,1083129856
2025-08-02 18:00:00+00:00,3383.519775390625,3428.185302734375,3375.478759765625,3422.156494140625,795668480
2025-08-02 19:00:00+00:00,3386.781494140625,3423.71826171875,3378.262451171875,3382.525390625,0
2025-08-02 20:00:00+00:00,3420.58740234375,3420.58740234375,3383.378662109375,3383.378662109375,0
2025-08-02 21:00:00+00:00,3414.742919921875,3433.3486328125,3408.237060546875,3422.712890625,1195327488
2025-08-02 22:00:00+00:00,3412.309814453125,3424.6318359375,3389.88525390625,3411.694580078125,0
2025-08-02 23:00:00+00:00,3392.2119140625,3411.195068359375,3373.7421875,3411.133056640625,0
2025-08-03 00:00:00+00:00,3407.302734375,3408.57666015625,3358.14892578125,3391.68798828125,0
2025-08-03 01:00:00+00:00,3416.695556640625,3421.58154296875,3403.4599609375,3408.376953125,948928512
2025-08-03 02:00:00+00:00,3444.01513671875,3444.01513671875,3414.712646484375,3414.837890625,0
2025-08-03 03:00:00+00:00,3446.3798828125,3450.359619140625,3440.359619140625,3443.81201171875,1062479872
2025-08-03 04:00:00+00:00,3439.4150390625,3446.200927734375,3434.599853515625,3446.200927734375,0
2025-08-03 05:00:00+00:00,3444.44775390625,3453.170654296875,3442.11669921875,3442.2958984375,0
2025-08-03 06:00:00+00:00,3438.348388671875,3446.171142578125,3437.990966796875,3444.531005859375,0
2025-08-03 07:00:00+00:00,3453.722900390625,3458.014404296875,3439.195556640625,3439.195556640625,0
2025-08-03 08:00:00+00:00,3462.25927734375,3467.031005859375,3454.581298828125,3455.71142578125,0
2025-08-03 09:00:00+00:00,3464.634765625,3465.792724609375,3455.615966796875,3462.218505859375,0
2025-08-03 10:00:00+00:00,3486.496826171875,3486.496826171875,3464.643798828125,3465.26025390625,0
2025-08-03 11:00:00+00:00,3488.0693359375,3515.42578125,3486.082275390625,3486.082275390625,548677632
2025-08-03 12:00:00+00:00,3494.077392578125,3503.094970703125,3478.016845703125,3485.439453125,0
2025-08-03 13:00:00+00:00,3491.3916015625,3497.734130859375,3486.093994140625,3491.495361328125,1108840448
2025-08-03 14:00:00+00:00,3473.287841796875,3494.12939453125,3469.73583984375,3492.246826171875,0
2025-08-03 15:00:00+00:00,3477.611572265625,3477.611572265625,3457.724609375,3472.405029296875,0
2025-08-03 16:00:00+00:00,3494.7763671875,3494.7763671875,3469.21728515625,3476.586181640625,1124065280
2025-08-03 17:00:00+00:00,3489.558837890625,3496.99365234375,3482.260009765625,3494.786865234375,0
2025-08-03 18:00:00+00:00,3496.187744140625,3497.61474609375,3482.822021484375,3489.417724609375,0
2025-08-03 19:00:00+00:00,3494.265869140625,3513.620849609375,3489.891357421875,3496.63134765625,0
2025-08-03 20:00:00+00:00,3494.50439453125,3497.39208984375,3485.630126953125,3495.98486328125,0
2025-08-03 21:00:00+00:00,3503.045166015625,3507.943603515625,3490.6953125,3494.2060546875,607453184
2025-08-03 22:00:00+00:00,3502.747314453125,3509.1220703125,3485.334716796875,3502.827392578125,0
2025-08-03 23:00:00+00:00,3498.1484375,3519.89892578125,3497.002197265625,3502.82568359375,459741184
2025-08-04 00:00:00+00:00,3547.208251953125,3549.521240234375,3491.98388671875,3497.2822265625,724115456
2025-08-04 01:00:00+00:00,3536.3046875,3555.76025390625,3535.337890625,3547.074951171875,1168777216
2025-08-04 02:00:00+00:00,3567.005126953125,3567.90576171875,3526.71435546875,3537.47314453125,0
2025-08-04 03:00:00+00:00,3557.853515625,3573.78857421875,3557.080810546875,3569.961669921875,1002706944
2025-08-04 04:00:00+00:00,3537.958984375,3565.251953125,3537.40966796875,3557.388427734375,0
2025-08-04 05:00:00+00:00,3534.34521484375,3540.34423828125,3525.931884765625,3539.211669921875,0
2025-08-04 06:00:00+00:00,3538.410400390625,3540.689208984375,3524.180908203125,3534.50048828125,1490829312
2025-08-04 07:00:00+00:00,3552.236572265625,3553.92138671875,3538.34228515625,3539.2060546875,220606464
2025-08-04 08:00:00+00:00,3550.06298828125,3563.259521484375,3543.400634765625,3552.650634765625,0
2025-08-04 09:00:00+00:00,3546.493896484375,3563.0166015625,3546.493896484375,3550.62255859375,0
2025-08-04 10:00:00+00:00,3556.373779296875,3568.18896484375,3545.615966796875,3546.57373046875,92334080
2025-08-04 11:00:00+00:00,3556.28564453125,3565.080810546875,3551.2734375,3554.92724609375,175888384
2025-08-04 12:00:00+00:00,3572.929443359375,3572.929443359375,3552.6728515625,3556.41455078125,121802752
2025-08-04 13:00:00+00:00,3615.88232421875,3615.88232421875,3562.457275390625,3570.17041015625,0
2025-08-04 14:00:00+00:00,3636.569091796875,3660.7138671875,3620.660400390625,3620.660400390625,2993596416
2025-08-04 15:00:00+00:00,3649.120849609375,3653.60888671875,3637.6123046875,3638.048828125,720908288
2025-08-04 16:00:00+00:00,3689.68896484375,3692.344482421875,3649.424560546875,3649.424560546875,0
2025-08-04 17:00:00+00:00,3681.6494140625,3717.89697265625,3680.69140625,3686.802978515625,3577513984
2025-08-04 18:00:00+00:00,3674.156005859375,3692.8603515625,3672.598388671875,3681.963623046875,0
2025-08-04 19:00:00+00:00,3668.90087890625,3686.00341796875,3668.90087890625,3675.6630859375,921389056
2025-08-04 20:00:00+00:00,3704.03564453125,3710.59765625,3661.7236328125,3667.240234375,0
2025-08-04 21:00:00+00:00,3714.28662109375,3724.947021484375,3701.57568359375,3701.57568359375,419844096
2025-08-04 22:00:00+00:00,3730.72998046875,3733.8828125,3710.05322265625,3710.05322265625,697395200
2025-08-04 23:00:00+00:00,3718.616943359375,3732.462646484375,3711.68359375,3732.462646484375,516003840
2025-08-05 00:00:00+00:00,3697.583251953125,3720.34619140625,3694.939697265625,3720.34619140625,0
2025-08-05 01:00:00+00:00,3678.64013671875,3704.704833984375,3678.64013671875,3697.142822265625,24303616
2025-08-05 02:00:00+00:00,3678.601806640625,3685.567138671875,3673.7998046875,3680.766845703125,249948160
2025-08-05 03:00:00+00:00,3653.041259765625,3680.359619140625,3649.708251953125,3679.931640625,919148544
2025-08-05 04:00:00+00:00,3649.939453125,3666.01318359375,3646.47216796875,3652.3076171875,584906752
2025-08-05 05:00:00+00:00,3665.48828125,3666.692138671875,3648.41259765625,3649.357666015625,0
2025-08-05 06:00:00+00:00,3649.327880859375,3678.64892578125,3638.8671875,3664.369140625,1083807744
2025-08-05 07:00:00+00:00,3611.865966796875,3654.8974609375,3606.1611328125,3650.131591796875,365713408
2025-08-05 08:00:00+00:00,3633.58203125,3634.1875,3609.07421875,3612.72802734375,0
2025-08-05 09:00:00+00:00,3660.686767578125,3664.148681640625,3633.78857421875,3633.78857421875,827944960
2025-08-05 10:00:00+00:00,3683.62255859375,3691.445068359375,3655.846923828125,3660.4892578125,266223616
2025-08-05 11:00:00+00:00,3672.21875,3683.907958984375,3664.6962890625,3682.189208984375,0
2025-08-05 12:00:00+00:00,3632.789306640625,3675.377685546875,3616.503173828125,3672.902099609375,396503040
2025-08-05 13:00:00+00:00,3643.978271484375,3656.92431640625,3620.765380859375,3628.51220703125,1081221120
2025-08-05 14:00:00+00:00,3577.35205078125,3646.072265625,3565.651123046875,3646.072265625,47183872
2025-08-05 15:00:00+00:00,3564.595947265625,3595.52978515625,3557.740966796875,3577.699462890625,1099866112
2025-08-05 16:00:00+00:00,3578.933837890625,3592.0458984375,3566.781494140625,3568.179443359375,0
2025-08-05 17:00:00+00:00,3605.267822265625,3607.98388671875,3577.726806640625,3577.726806640625,0
2025-08-05 18:00:00+00:00,3585.149658203125,3607.34814453125,3571.394775390625,3605.330322265625,39931904
2025-08-05 19:00:00+00:00,3574.064697265625,3592.472412109375,3561.61328125,3586.693359375,0
2025-08-05 20:00:00+00:00,3574.78515625,3595.175048828125,3571.31982421875,3571.31982421875,362080256
2025-08-05 21:00:00+00:00,3576.651123046875,3589.400390625,3572.12548828125,3575.48046875,0
2025-08-05 22:00:00+00:00,3596.766845703125,3597.625,3549.67919921875,3566.99853515625,0
2025-08-05 23:00:00+00:00,3611.110107421875,3620.359619140625,3596.11083984375,3597.018310546875,1028442112
